<?xml version="1.0"?>
<Index Version="1" Minor="0">
	<Repository value="/group/bcapps/dylan/cases/xapp1168/kyle_zip/ip_repo">
	</Repository>
	<IP>
		<VLNV value="YourCompanyName.com:user:axi_master:1.0">
		</VLNV>
		<DisplayName value="axi_master_v1_0">
		</DisplayName>
		<Description value="axi_master_v1_0">
		</Description>
		<SupportsRdiCustomization value="true">
		</SupportsRdiCustomization>
		<SupportsRdiGeneration value="true">
		</SupportsRdiGeneration>
		<NativeOnly value="true">
		</NativeOnly>
		<ComponentPath value="YourCompanyName.com_user_axi_master_1.0/component.xml">
		</ComponentPath>
		<Families>
			<Family name="kintex7">
				<Part status="Pre-Production" name="ALL">
				</Part>
			</Family>
			<Family name="virtex7">
				<Part status="Production" name="ALL">
				</Part>
			</Family>
		</Families>
		<Taxonomies>
			<Taxonomy value="/Embedded_Processing/AXI_Infrastructure">
			</Taxonomy>
		</Taxonomies>
		<Interfaces>
			<Interface value="AXI4">
			</Interface>
		</Interfaces>
		<VendorDisplayName value="Your Company Name">
		</VendorDisplayName>
		<VendorURL value="http://www.YourCompanyName.com">
		</VendorURL>
	</IP>
	<IP>
		<VLNV value="YourCompanyName.com:user:axi_lite_slave:1.0">
		</VLNV>
		<DisplayName value="axi_lite_slave_v1_0">
		</DisplayName>
		<Description value="axi_lite_slave_v1_0">
		</Description>
		<SupportsRdiCustomization value="true">
		</SupportsRdiCustomization>
		<SupportsRdiGeneration value="true">
		</SupportsRdiGeneration>
		<NativeOnly value="true">
		</NativeOnly>
		<ComponentPath value="YourCompanyName.com_user_axi_lite_slave_1.0/component.xml">
		</ComponentPath>
		<Families>
			<Family name="kintex7">
				<Part status="Pre-Production" name="ALL">
				</Part>
			</Family>
			<Family name="virtex7">
				<Part status="Production" name="ALL">
				</Part>
			</Family>
		</Families>
		<Taxonomies>
			<Taxonomy value="/Embedded_Processing/AXI_Infrastructure">
			</Taxonomy>
		</Taxonomies>
		<Interfaces>
			<Interface value="AXI4">
			</Interface>
		</Interfaces>
		<VendorDisplayName value="YourCompanyName">
		</VendorDisplayName>
		<VendorURL value="http://www.YourCompanyName.com">
		</VendorURL>
	</IP>
	<IP>
		<VLNV value="YourCompanyName.com:user:axi_slave:1.0">
		</VLNV>
		<DisplayName value="axi_slave_v1_0">
		</DisplayName>
		<Description value="axi_slave_v1_0">
		</Description>
		<SupportsRdiCustomization value="true">
		</SupportsRdiCustomization>
		<SupportsRdiGeneration value="true">
		</SupportsRdiGeneration>
		<NativeOnly value="true">
		</NativeOnly>
		<ComponentPath value="YourCompanyName.com_user_axi_slave_1.0/component.xml">
		</ComponentPath>
		<Families>
			<Family name="kintex7">
				<Part status="Pre-Production" name="ALL">
				</Part>
			</Family>
			<Family name="virtex7">
				<Part status="Production" name="ALL">
				</Part>
			</Family>
		</Families>
		<Taxonomies>
			<Taxonomy value="/Embedded_Processing/AXI_Infrastructure">
			</Taxonomy>
		</Taxonomies>
		<Interfaces>
			<Interface value="AXI4">
			</Interface>
		</Interfaces>
		<VendorDisplayName value="Your Company Name">
		</VendorDisplayName>
		<VendorURL value="http://www.YourCompanyName.com">
		</VendorURL>
	</IP>
	<IP>
		<VLNV value="YourCompanyName.com:user:axi_lite_master:1.0">
		</VLNV>
		<DisplayName value="axi_lite_master_v1_0">
		</DisplayName>
		<Description value="axi_lite_master_v1_0">
		</Description>
		<SupportsRdiCustomization value="true">
		</SupportsRdiCustomization>
		<SupportsRdiGeneration value="true">
		</SupportsRdiGeneration>
		<NativeOnly value="true">
		</NativeOnly>
		<ComponentPath value="YourCompanyName.com_user_axi_lite_master_1.0/component.xml">
		</ComponentPath>
		<Families>
			<Family name="kintex7">
				<Part status="Pre-Production" name="ALL">
				</Part>
			</Family>
			<Family name="virtex7">
				<Part status="Production" name="ALL">
				</Part>
			</Family>
		</Families>
		<Taxonomies>
			<Taxonomy value="/Embedded_Processing/AXI_Infrastructure">
			</Taxonomy>
		</Taxonomies>
		<Interfaces>
			<Interface value="AXI4">
			</Interface>
		</Interfaces>
		<VendorDisplayName value="YourCompanyName">
		</VendorDisplayName>
		<VendorURL value="http://www.YourCompanyName.com">
		</VendorURL>
	</IP>
	<IP>
		<VLNV value="YourCompanyName.com:user:axi_stream_master:1.0">
		</VLNV>
		<DisplayName value="axi_stream_master_v1_0">
		</DisplayName>
		<Description value="axi_stream_master_v1_0">
		</Description>
		<SupportsRdiCustomization value="true">
		</SupportsRdiCustomization>
		<SupportsRdiGeneration value="true">
		</SupportsRdiGeneration>
		<NativeOnly value="true">
		</NativeOnly>
		<ComponentPath value="YourCompanyName.com_user_axi_stream_master_1.0/component.xml">
		</ComponentPath>
		<Families>
			<Family name="virtex7">
				<Part status="Production" name="ALL">
				</Part>
			</Family>
		</Families>
		<Taxonomies>
			<Taxonomy value="/AXI_Infrastructure">
			</Taxonomy>
		</Taxonomies>
		<Interfaces>
			<Interface value="AXI4-Stream">
			</Interface>
		</Interfaces>
		<VendorDisplayName value="Your Company Name">
		</VendorDisplayName>
		<VendorURL value="http://www.YourCompanyName.com">
		</VendorURL>
	</IP>
	<IP>
		<VLNV value="YourCompanyName.com:user:axi_stream_slave:1.0">
		</VLNV>
		<DisplayName value="axi_stream_slave_v1_0">
		</DisplayName>
		<Description value="axi_stream_slave_v1_0">
		</Description>
		<SupportsRdiCustomization value="true">
		</SupportsRdiCustomization>
		<SupportsRdiGeneration value="true">
		</SupportsRdiGeneration>
		<NativeOnly value="true">
		</NativeOnly>
		<ComponentPath value="YourCompanyName.com_user_axi_stream_slave_1.0/component.xml">
		</ComponentPath>
		<Families>
			<Family name="kintex7">
				<Part status="Pre-Production" name="ALL">
				</Part>
			</Family>
			<Family name="virtex7">
				<Part status="Production" name="ALL">
				</Part>
			</Family>
		</Families>
		<Taxonomies>
			<Taxonomy value="/AXI_Infrastructure">
			</Taxonomy>
		</Taxonomies>
		<Interfaces>
			<Interface value="AXI4-Stream">
			</Interface>
		</Interfaces>
		<VendorDisplayName value="Your Company Name">
		</VendorDisplayName>
		<VendorURL value="http://www.YourCompanyName.com">
		</VendorURL>
	</IP>
</Index>

