#Release 14.5 - par P.58f (nt64)
#Copyright (c) 1995-2012 Xilinx, Inc.  All rights reserved.

#Fri Apr 12 12:35:18 2013

#
## NOTE: This file is designed to be imported into a spreadsheet program
# such as Microsoft Excel for viewing, printing and sorting. The |
# character is used as the data field separator. This file is also designed
# to support parsing.
#
#INPUT FILE:       system_stub.ncd
#OUTPUT FILE:      system_stub_routed_pad.csv
#PART TYPE:        xc7z045
#SPEED GRADE:      -2
#PACKAGE:          ffg900
#
# Pinout by Pin Number:
# 
# -----,-----,-----,-----,-----,-----,-----,-----,-----,-----,-----,-----,-----,-----,-----,
Pin Number,Signal Name,Pin Usage,Pin Name,Direction,IO Standard,IO Bank Number,Drive (mA),Slew Rate,Termination,IOB Delay,Voltage,Constraint,IO Register,Signal Integrity,
A1,,,GND,,,,,,,,,,,,
A2,,IOB18S,IO_L24N_T3_33,UNUSED,,33,,,,,,,,,
A3,,IOB18M,IO_L24P_T3_33,UNUSED,,33,,,,,,,,,
A4,,IOB18S,IO_L21N_T3_DQS_33,UNUSED,,33,,,,,,,,,
A5,,IOB18M,IO_L21P_T3_DQS_33,UNUSED,,33,,,,,,,,,
A6,,,VCCO_34,,,34,,,,,1.50,,,,
A7,,IOB18S,IO_L3N_T0_DQS_34,UNUSED,,34,,,,,,,,,
A8,axi_gpio_pushbutton_GPIO_IO_pin[3],IOB,IO_L3P_T0_DQS_PUDC_B_34,BIDIR,LVCMOS15,34,12,SLOW,,NONE,,LOCATED,NO,NONE,
A9,,IOB18S,IO_L2N_T0_34,UNUSED,,34,,,,,,,,,
A10,,IOB18S,IO_L1N_T0_34,UNUSED,,34,,,,,,,,,
A11,,,GND,,,,,,,,,,,,
A12,,IOB18S,IO_L24N_T3_AD15N_35,UNUSED,,35,,,,,,,,,
A13,,IOB18M,IO_L24P_T3_AD15P_35,UNUSED,,35,,,,,,,,,
A14,,IOB18S,IO_L23N_T3_35,UNUSED,,35,,,,,,,,,
A15,,IOB18S,IO_L21N_T3_DQS_AD14N_35,UNUSED,,35,,,,,,,,,
A16,,,VCCO_35,,,35,,,,,1.50,,,,
A17,axi_gpio_led_GPIO_IO_pin[0],IOB,IO_L18N_T2_AD13N_35,BIDIR,LVCMOS15,35,12,SLOW,,NONE,,LOCATED,NO,NONE,
A18,processing_system7_0_MIO[47],IOPAD,PS_MIO47_501,,LVCMOS18*,,,,,,,LOCATED,NO,,
A19,processing_system7_0_MIO[50],IOPAD,PS_MIO50_501,,LVCMOS18*,,,,,,,LOCATED,NO,,
A20,processing_system7_0_MIO[38],IOPAD,PS_MIO38_501,,LVCMOS18*,,,,,,,LOCATED,NO,,
A21,,,GND,,,,,,,,,,,,
A22,processing_system7_0_PS_CLK_pin,IOPAD,PS_CLK_500,,LVCMOS18*,,,,,,,,NO,,
A23,processing_system7_0_MIO[11],IOPAD,PS_MIO11_500,,LVCMOS18*,,,,,,,LOCATED,NO,,
A24,processing_system7_0_MIO[9],IOPAD,PS_MIO9_500,,LVCMOS18*,,,,,,,LOCATED,NO,,
A25,processing_system7_0_DDR_DQ[0],IOPAD,PS_DDR_DQ0_502,,SSTL15_T_DCI,,,,,,,LOCATED,NO,,
A26,,,VCCO_DDR_502,,,,,,,,any******,,,,
A27,processing_system7_0_DDR_DQ[9],IOPAD,PS_DDR_DQ9_502,,SSTL15_T_DCI,,,,,,,LOCATED,NO,,
A28,processing_system7_0_DDR_DQ[11],IOPAD,PS_DDR_DQ11_502,,SSTL15_T_DCI,,,,,,,LOCATED,NO,,
A29,processing_system7_0_DDR_DQ[8],IOPAD,PS_DDR_DQ8_502,,SSTL15_T_DCI,,,,,,,LOCATED,NO,,
A30,processing_system7_0_DDR_DQ[10],IOPAD,PS_DDR_DQ10_502,,SSTL15_T_DCI,,,,,,,LOCATED,NO,,
AA1,,,GND,,,,,,,,,,,,
AA2,,,MGTAVTT,,,,,,,,,,,,
AA3,,IPAD,MGTXRXN3_111,UNUSED,,,,,,,,,,,
AA4,,IPAD,MGTXRXP3_111,UNUSED,,,,,,,,,,,
AA5,,,GND,,,,,,,,,,,,
AA6,,,MGTAVCC,,,,,,,,,,,,
AA7,,IPAD,MGTREFCLK0N_110,UNUSED,,,,,,,,,,,
AA8,,IPAD,MGTREFCLK0P_110,UNUSED,,,,,,,,,,,
AA9,,,DONE_0,,,,,,,,,,,,
AA10,,,GND,,,,,,,,,,,,
AA11,,,GND,,,,,,,,,,,,
AA12,,,RSVDGND,,,,,,,,,,,,
AA13,,IOB33,IO_0_10,UNUSED,,10,,,,,,,,,
AA14,,IOB33S,IO_L20N_T3_10,UNUSED,,10,,,,,,,,,
AA15,,IOB33M,IO_L20P_T3_10,UNUSED,,10,,,,,,,,,
AA16,,,VCCO_10,,,10,,,,,2.50,,,,
AA17,,IOB33,IO_25_10,UNUSED,,10,,,,,,,,,
AA18,,IOB33M,IO_L13P_T2_MRCC_9,UNUSED,,9,,,,,,,,,
AA19,,IOB33S,IO_L13N_T2_MRCC_9,UNUSED,,9,,,,,,,,,
AA20,,IOB33S,IO_L6N_T0_VREF_9,UNUSED,,9,,,,,,,,,
AA21,,,GND,,,,,,,,,,,,
AA22,,IOB33M,IO_L23P_T3_11,UNUSED,,11,,,,,,,,,
AA23,,IOB33S,IO_L23N_T3_11,UNUSED,,11,,,,,,,,,
AA24,,IOB33M,IO_L22P_T3_11,UNUSED,,11,,,,,,,,,
AA25,,IOB33,IO_25_12,UNUSED,,12,,,,,,,,,
AA26,,,VCCO_12,,,12,,,,,any******,,,,
AA27,,IOB33M,IO_L5P_T0_12,UNUSED,,12,,,,,,,,,
AA28,,IOB33S,IO_L5N_T0_12,UNUSED,,12,,,,,,,,,
AA29,,IOB33S,IO_L4N_T0_12,UNUSED,,12,,,,,,,,,
AA30,,IOB33S,IO_L1N_T0_12,UNUSED,,12,,,,,,,,,
AB1,,OPAD,MGTXTXN0_111,UNUSED,,,,,,,,,,,
AB2,,OPAD,MGTXTXP0_111,UNUSED,,,,,,,,,,,
AB3,,,GND,,,,,,,,,,,,
AB4,,,MGTAVTT,,,,,,,,,,,,
AB5,,IPAD,MGTXRXN1_111,UNUSED,,,,,,,,,,,
AB6,,IPAD,MGTXRXP1_111,UNUSED,,,,,,,,,,,
AB7,,,GND,,,,,,,,,,,,
AB8,,,MGTAVCC,,,,,,,,,,,,
AB9,,,MGTRREF_112,,,,,,,,,,,,
AB10,,,MGTAVTTRCAL_112,,,,,,,,,,,,
AB11,,,GND,,,,,,,,,,,,
AB12,,IOB33M,IO_L21P_T3_DQS_10,UNUSED,,10,,,,,,,,,
AB13,,,VCCO_10,,,10,,,,,2.50,,,,
AB14,,IOB33S,IO_L22N_T3_10,UNUSED,,10,,,,,,,,,
AB15,,IOB33M,IO_L22P_T3_10,UNUSED,,10,,,,,,,,,
AB16,,IOB33S,IO_L24N_T3_10,UNUSED,,10,,,,,,,,,
AB17,axi_gpio_dipsw_GPIO_IO_pin[0],IOB33,IO_L24P_T3_10,BIDIR,LVCMOS25,10,12,SLOW,,NONE,,LOCATED,NO,NONE,
AB18,,,GND,,,,,,,,,,,,
AB19,,IOB33M,IO_L14P_T2_SRCC_9,UNUSED,,9,,,,,,,,,
AB20,,IOB33S,IO_L14N_T2_SRCC_9,UNUSED,,9,,,,,,,,,
AB21,,IOB33M,IO_L19P_T3_11,UNUSED,,11,,,,,,,,,
AB22,,IOB33S,IO_L19N_T3_VREF_11,UNUSED,,11,,,,,,,,,
AB23,,,VCCO_11,,,11,,,,,2.50,,,,
AB24,,IOB33S,IO_L22N_T3_11,UNUSED,,11,,,,,,,,,
AB25,,IOB33M,IO_L6P_T0_12,UNUSED,,12,,,,,,,,,
AB26,,IOB33S,IO_L6N_T0_VREF_12,UNUSED,,12,,,,,,,,,
AB27,,IOB33M,IO_L11P_T1_SRCC_12,UNUSED,,12,,,,,,,,,
AB28,,,GND,,,,,,,,,,,,
AB29,,IOB33M,IO_L2P_T0_12,UNUSED,,12,,,,,,,,,
AB30,,IOB33S,IO_L2N_T0_12,UNUSED,,12,,,,,,,,,
AC1,,,GND,,,,,,,,,,,,
AC2,,,MGTAVTT,,,,,,,,,,,,
AC3,,IPAD,MGTXRXN0_111,UNUSED,,,,,,,,,,,
AC4,,IPAD,MGTXRXP0_111,UNUSED,,,,,,,,,,,
AC5,,,GND,,,,,,,,,,,,
AC6,,,MGTAVCC,,,,,,,,,,,,
AC7,,IPAD,MGTREFCLK1N_110,UNUSED,,,,,,,,,,,
AC8,,IPAD,MGTREFCLK1P_110,UNUSED,,,,,,,,,,,
AC9,,,GND,,,,,,,,,,,,
AC10,,,MGTAVCC,,,,,,,,,,,,
AC11,,,GND,,,,,,,,,,,,
AC12,,IOB33S,IO_L21N_T3_DQS_10,UNUSED,,10,,,,,,,,,
AC13,,IOB33S,IO_L19N_T3_VREF_10,UNUSED,,10,,,,,,,,,
AC14,,IOB33M,IO_L19P_T3_10,UNUSED,,10,,,,,,,,,
AC15,,,GND,,,,,,,,,,,,
AC16,axi_gpio_dipsw_GPIO_IO_pin[1],IOB33,IO_L23N_T3_10,BIDIR,LVCMOS25,10,12,SLOW,,NONE,,LOCATED,NO,NONE,
AC17,axi_gpio_dipsw_GPIO_IO_pin[2],IOB33,IO_L23P_T3_10,BIDIR,LVCMOS25,10,12,SLOW,,NONE,,LOCATED,NO,NONE,
AC18,,IOB33M,IO_L11P_T1_SRCC_9,UNUSED,,9,,,,,,,,,
AC19,,IOB33S,IO_L11N_T1_SRCC_9,UNUSED,,9,,,,,,,,,
AC20,,,VCCO_9,,,9,,,,,any******,,,,
AC21,,IOB33,IO_25_11,UNUSED,,11,,,,,,,,,
AC22,,IOB33M,IO_L24P_T3_11,UNUSED,,11,,,,,,,,,
AC23,,IOB33S,IO_L24N_T3_11,UNUSED,,11,,,,,,,,,
AC24,,IOB33M,IO_L7P_T1_11,UNUSED,,11,,,,,,,,,
AC25,,,GND,,,,,,,,,,,,
AC26,,IOB33M,IO_L7P_T1_12,UNUSED,,12,,,,,,,,,
AC27,,IOB33S,IO_L11N_T1_SRCC_12,UNUSED,,12,,,,,,,,,
AC28,,IOB33M,IO_L12P_T1_MRCC_12,UNUSED,,12,,,,,,,,,
AC29,,IOB33M,IO_L9P_T1_DQS_12,UNUSED,,12,,,,,,,,,
AC30,,,VCCO_12,,,12,,,,,any******,,,,
AD1,,OPAD,MGTXTXN3_110,UNUSED,,,,,,,,,,,
AD2,,OPAD,MGTXTXP3_110,UNUSED,,,,,,,,,,,
AD3,,,GND,,,,,,,,,,,,
AD4,,,MGTAVTT,,,,,,,,,,,,
AD5,,IPAD,MGTXRXN3_110,UNUSED,,,,,,,,,,,
AD6,,IPAD,MGTXRXP3_110,UNUSED,,,,,,,,,,,
AD7,,,GND,,,,,,,,,,,,
AD8,,,MGTAVCC,,,,,,,,,,,,
AD9,,IPAD,MGTREFCLK0N_109,UNUSED,,,,,,,,,,,
AD10,,IPAD,MGTREFCLK0P_109,UNUSED,,,,,,,,,,,
AD11,,,GND,,,,,,,,,,,,
AD12,,,GND,,,,,,,,,,,,
AD13,,IOB33S,IO_L9N_T1_DQS_10,UNUSED,,10,,,,,,,,,
AD14,,IOB33M,IO_L9P_T1_DQS_10,UNUSED,,10,,,,,,,,,
AD15,,IOB33S,IO_L18N_T2_10,UNUSED,,10,,,,,,,,,
AD16,,IOB33M,IO_L18P_T2_10,UNUSED,,10,,,,,,,,,
AD17,,,VCCO_10,,,10,,,,,2.50,,,,
AD18,,IOB33M,IO_L12P_T1_MRCC_9,UNUSED,,9,,,,,,,,,
AD19,,IOB33S,IO_L12N_T1_MRCC_9,UNUSED,,9,,,,,,,,,
AD20,,IOB33M,IO_L19P_T3_9,UNUSED,,9,,,,,,,,,
AD21,,IOB33M,IO_L10P_T1_11,UNUSED,,11,,,,,,,,,
AD22,,,GND,,,,,,,,,,,,
AD23,,IOB33M,IO_L11P_T1_SRCC_11,UNUSED,,11,,,,,,,,,
AD24,,IOB33S,IO_L7N_T1_11,UNUSED,,11,,,,,,,,,
AD25,,IOB33M,IO_L10P_T1_12,UNUSED,,12,,,,,,,,,
AD26,,IOB33S,IO_L7N_T1_12,UNUSED,,12,,,,,,,,,
AD27,,,VCCO_12,,,12,,,,,any******,,,,
AD28,,IOB33S,IO_L12N_T1_MRCC_12,UNUSED,,12,,,,,,,,,
AD29,,IOB33S,IO_L9N_T1_DQS_12,UNUSED,,12,,,,,,,,,
AD30,,IOB33M,IO_L8P_T1_12,UNUSED,,12,,,,,,,,,
AE1,,,GND,,,,,,,,,,,,
AE2,,,MGTAVTT,,,,,,,,,,,,
AE3,,OPAD,MGTXTXN2_110,UNUSED,,,,,,,,,,,
AE4,,OPAD,MGTXTXP2_110,UNUSED,,,,,,,,,,,
AE5,,,GND,,,,,,,,,,,,
AE6,,,MGTAVCC,,,,,,,,,,,,
AE7,,IPAD,MGTXRXN3_109,UNUSED,,,,,,,,,,,
AE8,,IPAD,MGTXRXP3_109,UNUSED,,,,,,,,,,,
AE9,,,GND,,,,,,,,,,,,
AE10,,,MGTAVCC,,,,,,,,,,,,
AE11,,,GND,,,,,,,,,,,,
AE12,,IOB33M,IO_L7P_T1_10,UNUSED,,10,,,,,,,,,
AE13,,IOB33M,IO_L11P_T1_SRCC_10,UNUSED,,10,,,,,,,,,
AE14,,,VCCO_10,,,10,,,,,2.50,,,,
AE15,,IOB33S,IO_L16N_T2_10,UNUSED,,10,,,,,,,,,
AE16,,IOB33M,IO_L16P_T2_10,UNUSED,,10,,,,,,,,,
AE17,,IOB33S,IO_L17N_T2_10,UNUSED,,10,,,,,,,,,
AE18,,IOB33M,IO_L17P_T2_10,UNUSED,,10,,,,,,,,,
AE19,,,GND,,,,,,,,,,,,
AE20,,IOB33S,IO_L19N_T3_VREF_9,UNUSED,,9,,,,,,,,,
AE21,,IOB33S,IO_L10N_T1_11,UNUSED,,11,,,,,,,,,
AE22,,IOB33M,IO_L12P_T1_MRCC_11,UNUSED,,11,,,,,,,,,
AE23,,IOB33S,IO_L11N_T1_SRCC_11,UNUSED,,11,,,,,,,,,
AE24,,,VCCO_11,,,11,,,,,2.50,,,,
AE25,,IOB33M,IO_L18P_T2_12,UNUSED,,12,,,,,,,,,
AE26,,IOB33S,IO_L10N_T1_12,UNUSED,,12,,,,,,,,,
AE27,,IOB33M,IO_L14P_T2_SRCC_12,UNUSED,,12,,,,,,,,,
AE28,,IOB33M,IO_L13P_T2_MRCC_12,UNUSED,,12,,,,,,,,,
AE29,,,GND,,,,,,,,,,,,
AE30,,IOB33S,IO_L8N_T1_12,UNUSED,,12,,,,,,,,,
AF1,,OPAD,MGTXTXN1_110,UNUSED,,,,,,,,,,,
AF2,,OPAD,MGTXTXP1_110,UNUSED,,,,,,,,,,,
AF3,,,GND,,,,,,,,,,,,
AF4,,,MGTAVTT,,,,,,,,,,,,
AF5,,IPAD,MGTXRXN2_110,UNUSED,,,,,,,,,,,
AF6,,IPAD,MGTXRXP2_110,UNUSED,,,,,,,,,,,
AF7,,,GND,,,,,,,,,,,,
AF8,,,MGTAVCC,,,,,,,,,,,,
AF9,,IPAD,MGTREFCLK1N_109,UNUSED,,,,,,,,,,,
AF10,,IPAD,MGTREFCLK1P_109,UNUSED,,,,,,,,,,,
AF11,,,GND,,,,,,,,,,,,
AF12,,IOB33S,IO_L7N_T1_10,UNUSED,,10,,,,,,,,,
AF13,,IOB33S,IO_L11N_T1_SRCC_10,UNUSED,,10,,,,,,,,,
AF14,,IOB33M,IO_L12P_T1_MRCC_10,UNUSED,,10,,,,,,,,,
AF15,,IOB33M,IO_L14P_T2_SRCC_10,UNUSED,,10,,,,,,,,,
AF16,,,GND,,,,,,,,,,,,
AF17,,IOB33S,IO_L15N_T2_DQS_10,UNUSED,,10,,,,,,,,,
AF18,,IOB33M,IO_L15P_T2_DQS_10,UNUSED,,10,,,,,,,,,
AF19,,IOB33M,IO_L18P_T2_11,UNUSED,,11,,,,,,,,,
AF20,,IOB33M,IO_L14P_T2_SRCC_11,UNUSED,,11,,,,,,,,,
AF21,,,VCCO_11,,,11,,,,,2.50,,,,
AF22,,IOB33S,IO_L12N_T1_MRCC_11,UNUSED,,11,,,,,,,,,
AF23,,IOB33M,IO_L9P_T1_DQS_11,UNUSED,,11,,,,,,,,,
AF24,,IOB33S,IO_L9N_T1_DQS_11,UNUSED,,11,,,,,,,,,
AF25,,IOB33S,IO_L18N_T2_12,UNUSED,,12,,,,,,,,,
AF26,,,GND,,,,,,,,,,,,
AF27,,IOB33S,IO_L14N_T2_SRCC_12,UNUSED,,12,,,,,,,,,
AF28,,IOB33S,IO_L13N_T2_MRCC_12,UNUSED,,12,,,,,,,,,
AF29,,IOB33M,IO_L15P_T2_DQS_12,UNUSED,,12,,,,,,,,,
AF30,,IOB33M,IO_L16P_T2_12,UNUSED,,12,,,,,,,,,
AG1,,,GND,,,,,,,,,,,,
AG2,,,MGTAVTT,,,,,,,,,,,,
AG3,,IPAD,MGTXRXN1_110,UNUSED,,,,,,,,,,,
AG4,,IPAD,MGTXRXP1_110,UNUSED,,,,,,,,,,,
AG5,,,GND,,,,,,,,,,,,
AG6,,,MGTAVTT,,,,,,,,,,,,
AG7,,IPAD,MGTXRXN2_109,UNUSED,,,,,,,,,,,
AG8,,IPAD,MGTXRXP2_109,UNUSED,,,,,,,,,,,
AG9,,,GND,,,,,,,,,,,,
AG10,,,MGTAVCC,,,,,,,,,,,,
AG11,,,GND,,,,,,,,,,,,
AG12,,IOB33M,IO_L10P_T1_10,UNUSED,,10,,,,,,,,,
AG13,,,GND,,,,,,,,,,,,
AG14,,IOB33S,IO_L12N_T1_MRCC_10,UNUSED,,10,,,,,,,,,
AG15,,IOB33S,IO_L14N_T2_SRCC_10,UNUSED,,10,,,,,,,,,
AG16,,IOB33S,IO_L13N_T2_MRCC_10,UNUSED,,10,,,,,,,,,
AG17,,IOB33M,IO_L13P_T2_MRCC_10,UNUSED,,10,,,,,,,,,
AG18,,,VCCO_10,,,10,,,,,2.50,,,,
AG19,,IOB33S,IO_L18N_T2_11,UNUSED,,11,,,,,,,,,
AG20,,IOB33S,IO_L14N_T2_SRCC_11,UNUSED,,11,,,,,,,,,
AG21,,IOB33M,IO_L13P_T2_MRCC_11,UNUSED,,11,,,,,,,,,
AG22,,IOB33M,IO_L6P_T0_11,UNUSED,,11,,,,,,,,,
AG23,,,GND,,,,,,,,,,,,
AG24,,IOB33M,IO_L8P_T1_11,UNUSED,,11,,,,,,,,,
AG25,,IOB33S,IO_L8N_T1_11,UNUSED,,11,,,,,,,,,
AG26,,IOB33M,IO_L17P_T2_12,UNUSED,,12,,,,,,,,,
AG27,,IOB33S,IO_L17N_T2_12,UNUSED,,12,,,,,,,,,
AG28,,,VCCO_12,,,12,,,,,any******,,,,
AG29,,IOB33S,IO_L15N_T2_DQS_12,UNUSED,,12,,,,,,,,,
AG30,,IOB33S,IO_L16N_T2_12,UNUSED,,12,,,,,,,,,
AH1,,OPAD,MGTXTXN0_110,UNUSED,,,,,,,,,,,
AH2,,OPAD,MGTXTXP0_110,UNUSED,,,,,,,,,,,
AH3,,,GND,,,,,,,,,,,,
AH4,,,MGTAVTT,,,,,,,,,,,,
AH5,,IPAD,MGTXRXN0_110,UNUSED,,,,,,,,,,,
AH6,,IPAD,MGTXRXP0_110,UNUSED,,,,,,,,,,,
AH7,,,GND,,,,,,,,,,,,
AH8,,,MGTAVCC,,,,,,,,,,,,
AH9,,IPAD,MGTXRXN0_109,UNUSED,,,,,,,,,,,
AH10,,IPAD,MGTXRXP0_109,UNUSED,,,,,,,,,,,
AH11,,,GND,,,,,,,,,,,,
AH12,,IOB33S,IO_L10N_T1_10,UNUSED,,10,,,,,,,,,
AH13,,IOB33S,IO_L8N_T1_10,UNUSED,,10,,,,,,,,,
AH14,,IOB33M,IO_L8P_T1_10,UNUSED,,10,,,,,,,,,
AH15,,,VCCO_10,,,10,,,,,2.50,,,,
AH16,,IOB33S,IO_L6N_T0_VREF_10,UNUSED,,10,,,,,,,,,
AH17,,IOB33M,IO_L6P_T0_10,UNUSED,,10,,,,,,,,,
AH18,,IOB33M,IO_L2P_T0_10,UNUSED,,10,,,,,,,,,
AH19,,IOB33M,IO_L17P_T2_11,UNUSED,,11,,,,,,,,,
AH20,,,GND,,,,,,,,,,,,
AH21,,IOB33S,IO_L13N_T2_MRCC_11,UNUSED,,11,,,,,,,,,
AH22,,IOB33S,IO_L6N_T0_VREF_11,UNUSED,,11,,,,,,,,,
AH23,,IOB33M,IO_L5P_T0_11,UNUSED,,11,,,,,,,,,
AH24,,IOB33S,IO_L5N_T0_11,UNUSED,,11,,,,,,,,,
AH25,,,VCCO_11,,,11,,,,,2.50,,,,
AH26,,IOB33M,IO_L23P_T3_12,UNUSED,,12,,,,,,,,,
AH27,,IOB33S,IO_L23N_T3_12,UNUSED,,12,,,,,,,,,
AH28,,IOB33M,IO_L19P_T3_12,UNUSED,,12,,,,,,,,,
AH29,,IOB33S,IO_L19N_T3_VREF_12,UNUSED,,12,,,,,,,,,
AH30,,,GND,,,,,,,,,,,,
AJ1,,,GND,,,,,,,,,,,,
AJ2,,,MGTAVTT,,,,,,,,,,,,
AJ3,,OPAD,MGTXTXN2_109,UNUSED,,,,,,,,,,,
AJ4,,OPAD,MGTXTXP2_109,UNUSED,,,,,,,,,,,
AJ5,,,GND,,,,,,,,,,,,
AJ6,,,MGTAVTT,,,,,,,,,,,,
AJ7,,IPAD,MGTXRXN1_109,UNUSED,,,,,,,,,,,
AJ8,,IPAD,MGTXRXP1_109,UNUSED,,,,,,,,,,,
AJ9,,,GND,,,,,,,,,,,,
AJ10,,,MGTAVCC,,,,,,,,,,,,
AJ11,,,GND,,,,,,,,,,,,
AJ12,,,VCCO_10,,,10,,,,,2.50,,,,
AJ13,axi_gpio_dipsw_GPIO_IO_pin[3],IOB33,IO_L3N_T0_DQS_10,BIDIR,LVCMOS25,10,12,SLOW,,NONE,,LOCATED,NO,NONE,
AJ14,,IOB33M,IO_L3P_T0_DQS_10,UNUSED,,10,,,,,,,,,
AJ15,,IOB33M,IO_L5P_T0_10,UNUSED,,10,,,,,,,,,
AJ16,,IOB33M,IO_L4P_T0_10,UNUSED,,10,,,,,,,,,
AJ17,,,GND,,,,,,,,,,,,
AJ18,,IOB33S,IO_L2N_T0_10,UNUSED,,10,,,,,,,,,
AJ19,,IOB33S,IO_L17N_T2_11,UNUSED,,11,,,,,,,,,
AJ20,,IOB33M,IO_L15P_T2_DQS_11,UNUSED,,11,,,,,,,,,
AJ21,,IOB33M,IO_L3P_T0_DQS_11,UNUSED,,11,,,,,,,,,
AJ22,,,VCCO_11,,,11,,,,,2.50,,,,
AJ23,,IOB33M,IO_L4P_T0_11,UNUSED,,11,,,,,,,,,
AJ24,,IOB33S,IO_L4N_T0_11,UNUSED,,11,,,,,,,,,
AJ25,,IOB33M,IO_L1P_T0_11,UNUSED,,11,,,,,,,,,
AJ26,,IOB33M,IO_L24P_T3_12,UNUSED,,12,,,,,,,,,
AJ27,,,GND,,,,,,,,,,,,
AJ28,,IOB33M,IO_L21P_T3_DQS_12,UNUSED,,12,,,,,,,,,
AJ29,,IOB33S,IO_L21N_T3_DQS_12,UNUSED,,12,,,,,,,,,
AJ30,,IOB33M,IO_L20P_T3_12,UNUSED,,12,,,,,,,,,
AK1,,OPAD,MGTXTXN3_109,UNUSED,,,,,,,,,,,
AK2,,OPAD,MGTXTXP3_109,UNUSED,,,,,,,,,,,
AK3,,,GND,,,,,,,,,,,,
AK4,,,MGTAVTT,,,,,,,,,,,,
AK5,,OPAD,MGTXTXN1_109,UNUSED,,,,,,,,,,,
AK6,,OPAD,MGTXTXP1_109,UNUSED,,,,,,,,,,,
AK7,,,GND,,,,,,,,,,,,
AK8,,,MGTAVTT,,,,,,,,,,,,
AK9,,OPAD,MGTXTXN0_109,UNUSED,,,,,,,,,,,
AK10,,OPAD,MGTXTXP0_109,UNUSED,,,,,,,,,,,
AK11,,,GND,,,,,,,,,,,,
AK12,,IOB33S,IO_L1N_T0_10,UNUSED,,10,,,,,,,,,
AK13,,IOB33M,IO_L1P_T0_10,UNUSED,,10,,,,,,,,,
AK14,,,GND,,,,,,,,,,,,
AK15,,IOB33S,IO_L5N_T0_10,UNUSED,,10,,,,,,,,,
AK16,,IOB33S,IO_L4N_T0_10,UNUSED,,10,,,,,,,,,
AK17,,IOB33M,IO_L16P_T2_11,UNUSED,,11,,,,,,,,,
AK18,,IOB33S,IO_L16N_T2_11,UNUSED,,11,,,,,,,,,
AK19,,,VCCO_11,,,11,,,,,2.50,,,,
AK20,,IOB33S,IO_L15N_T2_DQS_11,UNUSED,,11,,,,,,,,,
AK21,,IOB33S,IO_L3N_T0_DQS_11,UNUSED,,11,,,,,,,,,
AK22,,IOB33M,IO_L2P_T0_11,UNUSED,,11,,,,,,,,,
AK23,,IOB33S,IO_L2N_T0_11,UNUSED,,11,,,,,,,,,
AK24,,,GND,,,,,,,,,,,,
AK25,axi_gpio_pushbutton_GPIO_IO_pin[2],IOB33,IO_L1N_T0_11,BIDIR,LVCMOS25,11,12,SLOW,,NONE,,LOCATED,NO,NONE,
AK26,,IOB33S,IO_L24N_T3_12,UNUSED,,12,,,,,,,,,
AK27,,IOB33M,IO_L22P_T3_12,UNUSED,,12,,,,,,,,,
AK28,,IOB33S,IO_L22N_T3_12,UNUSED,,12,,,,,,,,,
AK29,,,VCCO_12,,,12,,,,,any******,,,,
AK30,,IOB33S,IO_L20N_T3_12,UNUSED,,12,,,,,,,,,
B1,,IOB18S,IO_L23N_T3_33,UNUSED,,33,,,,,,,,,
B2,,IOB18M,IO_L23P_T3_33,UNUSED,,33,,,,,,,,,
B3,,,VCCO_33,,,33,,,,,1.50,,,,
B4,,IOB18S,IO_L20N_T3_33,UNUSED,,33,,,,,,,,,
B5,,IOB18M,IO_L20P_T3_33,UNUSED,,33,,,,,,,,,
B6,,IOB18S,IO_L5N_T0_34,UNUSED,,34,,,,,,,,,
B7,,IOB18S,IO_L4N_T0_34,UNUSED,,34,,,,,,,,,
B8,,,GND,,,,,,,,,,,,
B9,,IOB18M,IO_L2P_T0_34,UNUSED,,34,,,,,,,,,
B10,,IOB18M,IO_L1P_T0_34,UNUSED,,34,,,,,,,,,
B11,,IOB18S,IO_L22N_T3_AD7N_35,UNUSED,,35,,,,,,,,,
B12,,IOB18S,IO_L20N_T3_AD6N_35,UNUSED,,35,,,,,,,,,
B13,,,VCCO_35,,,35,,,,,1.50,,,,
B14,,IOB18M,IO_L23P_T3_35,UNUSED,,35,,,,,,,,,
B15,,IOB18M,IO_L21P_T3_DQS_AD14P_35,UNUSED,,35,,,,,,,,,
B16,,IOB18S,IO_L17N_T2_AD5N_35,UNUSED,,35,,,,,,,,,
B17,,IOB18M,IO_L18P_T2_AD13P_35,UNUSED,,35,,,,,,,,,
B18,,,GND,,,,,,,,,,,,
B19,processing_system7_0_PS_SRSTB_pin,IOPAD,PS_SRST_B_501,,LVCMOS18*,,,,,,,,NO,,
B20,processing_system7_0_MIO[40],IOPAD,PS_MIO40_501,,LVCMOS18*,,,,,,,LOCATED,NO,,
B21,processing_system7_0_MIO[37],IOPAD,PS_MIO37_501,,LVCMOS18*,,,,,,,LOCATED,NO,,
B22,processing_system7_0_MIO[14],IOPAD,PS_MIO14_500,,LVCMOS18*,,,,,,,LOCATED,NO,,
B23,,,VCCO_MIO0_500,,,,,,,,any******,,,,
B24,processing_system7_0_MIO[7],IOPAD,PS_MIO7_500,,LVCMOS18*,,,,,,,LOCATED,NO,,
B25,processing_system7_0_DDR_DQ[4],IOPAD,PS_DDR_DQ4_502,,SSTL15_T_DCI,,,,,,,LOCATED,NO,,
B26,processing_system7_0_DDR_DQS_n[0],IOPAD,PS_DDR_DQS_N0_502,,DIFF_SSTL15_T_DCI,,,,,,,LOCATED,NO,,
B27,processing_system7_0_DDR_DQ[2],IOPAD,PS_DDR_DQ2_502,,SSTL15_T_DCI,,,,,,,LOCATED,NO,,
B28,,,GND,,,,,,,,,,,,
B29,processing_system7_0_DDR_DQS_n[1],IOPAD,PS_DDR_DQS_N1_502,,DIFF_SSTL15_T_DCI,,,,,,,LOCATED,NO,,
B30,processing_system7_0_DDR_DM[1],IOPAD,PS_DDR_DM1_502,,SSTL15_T_DCI,,,,,,,LOCATED,NO,,
C1,,IOB18S,IO_L22N_T3_33,UNUSED,,33,,,,,,,,,
C2,,IOB18M,IO_L22P_T3_33,UNUSED,,33,,,,,,,,,
C3,,IOB18S,IO_L19N_T3_VREF_33,UNUSED,,33,,,,,,,,,
C4,,IOB18M,IO_L19P_T3_33,UNUSED,,33,,,,,,,,,
C5,,,GND,,,,,,,,,,,,
C6,,IOB18M,IO_L5P_T0_34,UNUSED,,34,,,,,,,,,
C7,,IOB18M,IO_L4P_T0_34,UNUSED,,34,,,,,,,,,
C8,,IOB18S,IO_L6N_T0_VREF_34,UNUSED,,34,,,,,,,,,
C9,,IOB18M,IO_L6P_T0_34,UNUSED,,34,,,,,,,,,
C10,,,VCCO_34,,,34,,,,,1.50,,,,
C11,,IOB18M,IO_L22P_T3_AD7P_35,UNUSED,,35,,,,,,,,,
C12,,IOB18M,IO_L20P_T3_AD6P_35,UNUSED,,35,,,,,,,,,
C13,,IOB18S,IO_L19N_T3_VREF_35,UNUSED,,35,,,,,,,,,
C14,,IOB18M,IO_L19P_T3_35,UNUSED,,35,,,,,,,,,
C15,,,GND,,,,,,,,,,,,
C16,,IOB18S,IO_L16N_T2_35,UNUSED,,35,,,,,,,,,
C17,,IOB18M,IO_L17P_T2_AD5P_35,UNUSED,,35,,,,,,,,,
C18,processing_system7_0_MIO[53],IOPAD,PS_MIO53_501,,LVCMOS18*,,,,,,,LOCATED,NO,,
C19,processing_system7_0_MIO[48],IOPAD,PS_MIO48_501,,LVCMOS18*,,,,,,,LOCATED,NO,,
C20,,,VCCO_MIO1_501,,,,,,,,any******,,,,
C21,processing_system7_0_MIO[8],IOPAD,PS_MIO8_500,,LVCMOS18*,,,,,,,LOCATED,NO,,
C22,processing_system7_0_MIO[15],IOPAD,PS_MIO15_500,,LVCMOS18*,,,,,,,LOCATED,NO,,
C23,processing_system7_0_MIO[3],IOPAD,PS_MIO3_500,,LVCMOS18*,,,,,,,LOCATED,NO,,
C24,processing_system7_0_MIO[5],IOPAD,PS_MIO5_500,,LVCMOS18*,,,,,,,LOCATED,NO,,
C25,,,GND,,,,,,,,,,,,
C26,processing_system7_0_DDR_DQS[0],IOPAD,PS_DDR_DQS_P0_502,,DIFF_SSTL15_T_DCI,,,,,,,LOCATED,NO,,
C27,processing_system7_0_DDR_DM[0],IOPAD,PS_DDR_DM0_502,,SSTL15_T_DCI,,,,,,,LOCATED,NO,,
C28,processing_system7_0_DDR_DQ[12],IOPAD,PS_DDR_DQ12_502,,SSTL15_T_DCI,,,,,,,LOCATED,NO,,
C29,processing_system7_0_DDR_DQS[1],IOPAD,PS_DDR_DQS_P1_502,,DIFF_SSTL15_T_DCI,,,,,,,LOCATED,NO,,
C30,,,VCCO_DDR_502,,,,,,,,any******,,,,
D1,,IOB18S,IO_L18N_T2_33,UNUSED,,33,,,,,,,,,
D2,,,GND,,,,,,,,,,,,
D3,,IOB18S,IO_L16N_T2_33,UNUSED,,33,,,,,,,,,
D4,,IOB18M,IO_L16P_T2_33,UNUSED,,33,,,,,,,,,
D5,,IOB18S,IO_L15N_T2_DQS_33,UNUSED,,33,,,,,,,,,
D6,,IOB18S,IO_L17N_T2_34,UNUSED,,34,,,,,,,,,
D7,,,VCCO_34,,,34,,,,,1.50,,,,
D8,,IOB18S,IO_L12N_T1_MRCC_34,UNUSED,,34,,,,,,,,,
D9,,IOB18M,IO_L12P_T1_MRCC_34,UNUSED,,34,,,,,,,,,
D10,,IOB18S,IO_L10N_T1_34,UNUSED,,34,,,,,,,,,
D11,,IOB18S,IO_L8N_T1_34,UNUSED,,34,,,,,,,,,
D12,,,GND,,,,,,,,,,,,
D13,,IOB18S,IO_L11N_T1_SRCC_35,UNUSED,,35,,,,,,,,,
D14,,IOB18S,IO_L14N_T2_AD4N_SRCC_35,UNUSED,,35,,,,,,,,,
D15,,IOB18M,IO_L14P_T2_AD4P_SRCC_35,UNUSED,,35,,,,,,,,,
D16,,IOB18M,IO_L16P_T2_35,UNUSED,,35,,,,,,,,,
D17,,,VCCO_35,,,35,,,,,1.50,,,,
D18,processing_system7_0_MIO[49],IOPAD,PS_MIO49_501,,LVCMOS18*,,,,,,,LOCATED,NO,,
D19,processing_system7_0_MIO[52],IOPAD,PS_MIO52_501,,LVCMOS18*,,,,,,,LOCATED,NO,,
D20,processing_system7_0_MIO[42],IOPAD,PS_MIO42_501,,LVCMOS18*,,,,,,,LOCATED,NO,,
D21,processing_system7_0_PS_PORB_pin,IOPAD,PS_POR_B_500,,LVCMOS18*,,,,,,,,NO,,
D22,,,GND,,,,,,,,,,,,
D23,processing_system7_0_MIO[1],IOPAD,PS_MIO1_500,,LVCMOS18*,,,,,,,LOCATED,NO,,
D24,processing_system7_0_MIO[6],IOPAD,PS_MIO6_500,,LVCMOS18*,,,,,,,LOCATED,NO,,
D25,processing_system7_0_DDR_DQ[3],IOPAD,PS_DDR_DQ3_502,,SSTL15_T_DCI,,,,,,,LOCATED,NO,,
D26,processing_system7_0_DDR_DQ[6],IOPAD,PS_DDR_DQ6_502,,SSTL15_T_DCI,,,,,,,LOCATED,NO,,
D27,,,VCCO_DDR_502,,,,,,,,any******,,,,
D28,processing_system7_0_DDR_DQ[14],IOPAD,PS_DDR_DQ14_502,,SSTL15_T_DCI,,,,,,,LOCATED,NO,,
D29,processing_system7_0_DDR_DQ[15],IOPAD,PS_DDR_DQ15_502,,SSTL15_T_DCI,,,,,,,LOCATED,NO,,
D30,processing_system7_0_DDR_DQ[13],IOPAD,PS_DDR_DQ13_502,,SSTL15_T_DCI,,,,,,,LOCATED,NO,,
E1,,IOB18M,IO_L18P_T2_33,UNUSED,,33,,,,,,,,,
E2,,IOB18S,IO_L17N_T2_33,UNUSED,,33,,,,,,,,,
E3,,IOB18M,IO_L17P_T2_33,UNUSED,,33,,,,,,,,,
E4,,,VCCO_33,,,33,,,,,1.50,,,,
E5,,IOB18S,IO_L13N_T2_MRCC_33,UNUSED,,33,,,,,,,,,
E6,,IOB18M,IO_L15P_T2_DQS_33,UNUSED,,33,,,,,,,,,
E7,,IOB18M,IO_L17P_T2_34,UNUSED,,34,,,,,,,,,
E8,,IOB18S,IO_L14N_T2_SRCC_34,UNUSED,,34,,,,,,,,,
E9,,,GND,,,,,,,,,,,,
E10,,IOB18M,IO_L10P_T1_34,UNUSED,,34,,,,,,,,,
E11,,IOB18M,IO_L8P_T1_34,UNUSED,,34,,,,,,,,,
E12,,IOB18S,IO_L10N_T1_AD11N_35,UNUSED,,35,,,,,,,,,
E13,,IOB18M,IO_L11P_T1_SRCC_35,UNUSED,,35,,,,,,,,,
E14,,,VCCO_35,,,35,,,,,1.50,,,,
E15,,IOB18S,IO_L13N_T2_MRCC_35,UNUSED,,35,,,,,,,,,
E16,,IOB18M,IO_L13P_T2_MRCC_35,UNUSED,,35,,,,,,,,,
E17,,IOB18S,IO_L15N_T2_DQS_AD12N_35,UNUSED,,35,,,,,,,,,
E18,processing_system7_0_MIO[43],IOPAD,PS_MIO43_501,,LVCMOS18*,,,,,,,LOCATED,NO,,
E19,,,GND,,,,,,,,,,,,
E20,processing_system7_0_MIO[44],IOPAD,PS_MIO44_501,,LVCMOS18*,,,,,,,LOCATED,NO,,
E21,processing_system7_0_MIO[12],IOPAD,PS_MIO12_500,,LVCMOS18*,,,,,,,LOCATED,NO,,
E22,processing_system7_0_MIO[10],IOPAD,PS_MIO10_500,,LVCMOS18*,,,,,,,LOCATED,NO,,
E23,processing_system7_0_MIO[4],IOPAD,PS_MIO4_500,,LVCMOS18*,,,,,,,LOCATED,NO,,
E24,,,VCCO_MIO0_500,,,,,,,,any******,,,,
E25,processing_system7_0_DDR_DQ[1],IOPAD,PS_DDR_DQ1_502,,SSTL15_T_DCI,,,,,,,LOCATED,NO,,
E26,processing_system7_0_DDR_DQ[5],IOPAD,PS_DDR_DQ5_502,,SSTL15_T_DCI,,,,,,,LOCATED,NO,,
E27,processing_system7_0_DDR_DQ[7],IOPAD,PS_DDR_DQ7_502,,SSTL15_T_DCI,,,,,,,LOCATED,NO,,
E28,processing_system7_0_DDR_DQ[19],IOPAD,PS_DDR_DQ19_502,,SSTL15_T_DCI,,,,,,,LOCATED,NO,,
E29,,,GND,,,,,,,,,,,,
E30,processing_system7_0_DDR_DQ[20],IOPAD,PS_DDR_DQ20_502,,SSTL15_T_DCI,,,,,,,LOCATED,NO,,
F1,,,VCCO_33,,,33,,,,,1.50,,,,
F2,,IOB18S,IO_L7N_T1_33,UNUSED,,33,,,,,,,,,
F3,,IOB18S,IO_L14N_T2_SRCC_33,UNUSED,,33,,,,,,,,,
F4,,IOB18M,IO_L14P_T2_SRCC_33,UNUSED,,33,,,,,,,,,
F5,,IOB18M,IO_L13P_T2_MRCC_33,UNUSED,,33,,,,,,,,,
F6,,,GND,,,,,,,,,,,,
F7,,IOB18S,IO_L16N_T2_34,UNUSED,,34,,,,,,,,,
F8,,IOB18M,IO_L16P_T2_34,UNUSED,,34,,,,,,,,,
F9,,IOB18M,IO_L14P_T2_SRCC_34,UNUSED,,34,,,,,,,,,
F10,,IOB18S,IO_L11N_T1_SRCC_34,UNUSED,,34,,,,,,,,,
F11,,,VCCO_34,,,34,,,,,1.50,,,,
F12,,IOB18S,IO_L9N_T1_DQS_AD3N_35,UNUSED,,35,,,,,,,,,
F13,,IOB18M,IO_L10P_T1_AD11P_35,UNUSED,,35,,,,,,,,,
F14,,IOB18S,IO_L12N_T1_MRCC_35,UNUSED,,35,,,,,,,,,
F15,,IOB18M,IO_L12P_T1_MRCC_35,UNUSED,,35,,,,,,,,,
F16,,,GND,,,,,,,,,,,,
F17,,IOB18M,IO_L15P_T2_DQS_AD12P_35,UNUSED,,35,,,,,,,,,
F18,processing_system7_0_MIO[39],IOPAD,PS_MIO39_501,,LVCMOS18*,,,,,,,LOCATED,NO,,
F19,processing_system7_0_MIO[51],IOPAD,PS_MIO51_501,,LVCMOS18*,,,,,,,LOCATED,NO,,
F20,processing_system7_0_MIO[46],IOPAD,PS_MIO46_501,,LVCMOS18*,,,,,,,LOCATED,NO,,
F21,,,VCCO_MIO0_500,,,,,,,,any******,,,,
F22,processing_system7_0_MIO[13],IOPAD,PS_MIO13_500,,LVCMOS18*,,,,,,,LOCATED,NO,,
F23,processing_system7_0_MIO[2],IOPAD,PS_MIO2_500,,LVCMOS18*,,,,,,,LOCATED,NO,,
F24,processing_system7_0_MIO[0],IOPAD,PS_MIO0_500,,LVCMOS18*,,,,,,,LOCATED,NO,,
F25,processing_system7_0_DDR_DRSTB,IOPAD,PS_DDR_DRST_B_502,,SSTL15,,,,,,,LOCATED,NO,,
F26,,,GND,,,,,,,,,,,,
F27,processing_system7_0_DDR_Addr[8],IOPAD,PS_DDR_A8_502,,SSTL15,,,,,,,LOCATED,NO,,
F28,processing_system7_0_DDR_DQ[21],IOPAD,PS_DDR_DQ21_502,,SSTL15_T_DCI,,,,,,,LOCATED,NO,,
F29,processing_system7_0_DDR_DQS_n[2],IOPAD,PS_DDR_DQS_N2_502,,DIFF_SSTL15_T_DCI,,,,,,,LOCATED,NO,,
F30,processing_system7_0_DDR_DQ[23],IOPAD,PS_DDR_DQ23_502,,SSTL15_T_DCI,,,,,,,LOCATED,NO,,
G1,,IOB18S,IO_L10N_T1_33,UNUSED,,33,,,,,,,,,
G2,axi_gpio_led_GPIO_IO_pin[2],IOB,IO_L7P_T1_33,BIDIR,LVCMOS15,33,12,SLOW,,NONE,,LOCATED,NO,NONE,
G3,,,GND,,,,,,,,,,,,
G4,,IOB18S,IO_L12N_T1_MRCC_33,UNUSED,,33,,,,,,,,,
G5,,IOB18M,IO_L12P_T1_MRCC_33,UNUSED,,33,,,,,,,,,
G6,,IOB18S,IO_L8N_T1_33,UNUSED,,33,,,,,,,,,
G7,,IOB18S,IO_L18N_T2_34,UNUSED,,34,,,,,,,,,
G8,,,VCCO_34,,,34,,,,,1.50,,,,
G9,,IOB18S,IO_L13N_T2_MRCC_34,UNUSED,,34,,,,,,,,,
G10,,IOB18M,IO_L11P_T1_SRCC_34,UNUSED,,34,,,,,,,,,
G11,,IOB18S,IO_L9N_T1_DQS_34,UNUSED,,34,,,,,,,,,
G12,,IOB18M,IO_L9P_T1_DQS_AD3P_35,UNUSED,,35,,,,,,,,,
G13,,,GND,,,,,,,,,,,,
G14,,IOB18S,IO_L8N_T1_AD10N_35,UNUSED,,35,,,,,,,,,
G15,,IOB18M,IO_L8P_T1_AD10P_35,UNUSED,,35,,,,,,,,,
G16,,IOB18S,IO_L7N_T1_AD2N_35,UNUSED,,35,,,,,,,,,
G17,,IOB18M,IO_L7P_T1_AD2P_35,UNUSED,,35,,,,,,,,,
G18,,,VCCO_MIO1_501,,,,,,,,any******,,,,
G19,processing_system7_0_MIO[25],IOPAD,PS_MIO25_501,,HSTL_I_18,,,,,,,LOCATED,NO,,
G20,processing_system7_0_MIO[27],IOPAD,PS_MIO27_501,,HSTL_I_18,,,,,,,LOCATED,NO,,
G21,processing_system7_0_MIO[35],IOPAD,PS_MIO35_501,,LVCMOS18*,,,,,,,LOCATED,NO,,
G22,processing_system7_0_MIO[33],IOPAD,PS_MIO33_501,,LVCMOS18*,,,,,,,LOCATED,NO,,
G23,,,GND,,,,,,,,,,,,
G24,processing_system7_0_DDR_Addr[5],IOPAD,PS_DDR_A5_502,,SSTL15,,,,,,,LOCATED,NO,,
G25,processing_system7_0_DDR_Addr[3],IOPAD,PS_DDR_A3_502,,SSTL15,,,,,,,LOCATED,NO,,
G26,processing_system7_0_DDR_Addr[10],IOPAD,PS_DDR_A10_502,,SSTL15,,,,,,,LOCATED,NO,,
G27,processing_system7_0_DDR_DQ[17],IOPAD,PS_DDR_DQ17_502,,SSTL15_T_DCI,,,,,,,LOCATED,NO,,
G28,,,VCCO_DDR_502,,,,,,,,any******,,,,
G29,processing_system7_0_DDR_DQS[2],IOPAD,PS_DDR_DQS_P2_502,,DIFF_SSTL15_T_DCI,,,,,,,LOCATED,NO,,
G30,processing_system7_0_DDR_DQ[22],IOPAD,PS_DDR_DQ22_502,,SSTL15_T_DCI,,,,,,,LOCATED,NO,,
H1,,IOB18S,IO_L9N_T1_DQS_33,UNUSED,,33,,,,,,,,,
H2,,IOB18M,IO_L10P_T1_33,UNUSED,,33,,,,,,,,,
H3,,IOB18S,IO_L11N_T1_SRCC_33,UNUSED,,33,,,,,,,,,
H4,,IOB18M,IO_L11P_T1_SRCC_33,UNUSED,,33,,,,,,,,,
H5,,,VCCO_33,,,33,,,,,1.50,,,,
H6,,IOB18M,IO_L8P_T1_33,UNUSED,,33,,,,,,,,,
H7,,IOB18M,IO_L18P_T2_34,UNUSED,,34,,,,,,,,,
H8,,IOB18S,IO_L15N_T2_DQS_34,UNUSED,,34,,,,,,,,,
H9,,IOB18M,IO_L13P_T2_MRCC_34,UNUSED,,34,,,,,,,,,
H10,,,GND,,,,,,,,,,,,
H11,,IOB18S,IO_L7N_T1_34,UNUSED,,34,,,,,,,,,
H12,,IOB18M,IO_L9P_T1_DQS_34,UNUSED,,34,,,,,,,,,
H13,,IOB18S,IO_L2N_T0_AD8N_35,UNUSED,,35,,,,,,,,,
H14,,IOB18S,IO_L4N_T0_35,UNUSED,,35,,,,,,,,,
H15,,,VCCO_35,,,35,,,,,1.50,,,,
H16,,IOB18S,IO_L6N_T0_VREF_35,UNUSED,,35,,,,,,,,,
H17,processing_system7_0_MIO[36],IOPAD,PS_MIO36_501,,LVCMOS18*,,,,,,,LOCATED,NO,,
H18,processing_system7_0_MIO[45],IOPAD,PS_MIO45_501,,LVCMOS18*,,,,,,,LOCATED,NO,,
H19,,,PS_MIO_VREF_501,,,,,,,,,,,,
H20,,,GND,,,,,,,,,,,,
H21,processing_system7_0_MIO[31],IOPAD,PS_MIO31_501,,LVCMOS18*,,,,,,,LOCATED,NO,,
H22,processing_system7_0_MIO[29],IOPAD,PS_MIO29_501,,LVCMOS18*,,,,,,,LOCATED,NO,,
H23,processing_system7_0_DDR_Addr[13],IOPAD,PS_DDR_A13_502,,SSTL15,,,,,,,LOCATED,NO,,
H24,processing_system7_0_DDR_Addr[11],IOPAD,PS_DDR_A11_502,,SSTL15,,,,,,,LOCATED,NO,,
H25,,,VCCO_DDR_502,,,,,,,,any******,,,,
H26,processing_system7_0_DDR_Addr[6],IOPAD,PS_DDR_A6_502,,SSTL15,,,,,,,LOCATED,NO,,
H27,processing_system7_0_DDR_DQ[16],IOPAD,PS_DDR_DQ16_502,,SSTL15_T_DCI,,,,,,,LOCATED,NO,,
H28,processing_system7_0_DDR_DQ[18],IOPAD,PS_DDR_DQ18_502,,SSTL15_T_DCI,,,,,,,LOCATED,NO,,
H29,processing_system7_0_DDR_DM[2],IOPAD,PS_DDR_DM2_502,,SSTL15_T_DCI,,,,,,,LOCATED,NO,,
H30,,,GND,,,,,,,,,,,,
J1,,IOB18M,IO_L9P_T1_DQS_33,UNUSED,,33,,,,,,,,,
J2,,,VCCO_33,,,33,,,,,1.50,,,,
J3,,IOB18S,IO_L1N_T0_33,UNUSED,,33,,,,,,,,,
J4,,IOB18M,IO_L1P_T0_33,UNUSED,,33,,,,,,,,,
J5,,IOB18S,IO_L5N_T0_33,UNUSED,,33,,,,,,,,,
J6,,IOB18S,IO_L6N_T0_VREF_33,UNUSED,,33,,,,,,,,,
J7,,,GND,,,,,,,,,,,,
J8,,IOB18M,IO_L15P_T2_DQS_34,UNUSED,,34,,,,,,,,,
J9,,IOB18S,IO_L20N_T3_34,UNUSED,,34,,,,,,,,,
J10,,IOB18M,IO_L20P_T3_34,UNUSED,,34,,,,,,,,,
J11,,IOB18M,IO_L7P_T1_34,UNUSED,,34,,,,,,,,,
J12,,,VCCO_34,,,34,,,,,1.50,,,,
J13,,IOB18M,IO_L2P_T0_AD8P_35,UNUSED,,35,,,,,,,,,
J14,,IOB18M,IO_L4P_T0_35,UNUSED,,35,,,,,,,,,
J15,,IOB18S,IO_L5N_T0_AD9N_35,UNUSED,,35,,,,,,,,,
J16,,IOB18M,IO_L6P_T0_35,UNUSED,,35,,,,,,,,,
J17,,,GND,,,,,,,,,,,,
J18,processing_system7_0_MIO[41],IOPAD,PS_MIO41_501,,LVCMOS18*,,,,,,,LOCATED,NO,,
J19,processing_system7_0_MIO[21],IOPAD,PS_MIO21_501,,HSTL_I_18,,,,,,,LOCATED,NO,,
J20,processing_system7_0_MIO[19],IOPAD,PS_MIO19_501,,HSTL_I_18,,,,,,,LOCATED,NO,,
J21,processing_system7_0_MIO[23],IOPAD,PS_MIO23_501,,HSTL_I_18,,,,,,,LOCATED,NO,,
J22,,,VCCO_MIO1_501,,,,,,,,any******,,,,
J23,processing_system7_0_DDR_Addr[9],IOPAD,PS_DDR_A9_502,,SSTL15,,,,,,,LOCATED,NO,,
J24,processing_system7_0_DDR_Addr[14],IOPAD,PS_DDR_A14_502,,SSTL15,,,,,,,LOCATED,NO,,
J25,processing_system7_0_DDR_Clk_n,IOPAD,PS_DDR_CKN_502,,DIFF_SSTL15,,,,,,,LOCATED,NO,,
J26,processing_system7_0_DDR_Addr[4],IOPAD,PS_DDR_A4_502,,SSTL15,,,,,,,LOCATED,NO,,
J27,,,GND,,,,,,,,,,,,
J28,processing_system7_0_DDR_DQ[27],IOPAD,PS_DDR_DQ27_502,,SSTL15_T_DCI,,,,,,,LOCATED,NO,,
J29,processing_system7_0_DDR_DQ[24],IOPAD,PS_DDR_DQ24_502,,SSTL15_T_DCI,,,,,,,LOCATED,NO,,
J30,processing_system7_0_DDR_DQ[26],IOPAD,PS_DDR_DQ26_502,,SSTL15_T_DCI,,,,,,,LOCATED,NO,,
K1,,IOB18S,IO_L2N_T0_33,UNUSED,,33,,,,,,,,,
K2,,IOB18S,IO_L3N_T0_DQS_33,UNUSED,,33,,,,,,,,,
K3,,IOB18M,IO_L3P_T0_DQS_33,UNUSED,,33,,,,,,,,,
K4,,,GND,,,,,,,,,,,,
K5,,IOB18M,IO_L5P_T0_33,UNUSED,,33,,,,,,,,,
K6,,IOB18M,IO_L6P_T0_33,UNUSED,,33,,,,,,,,,
K7,,IOB18S,IO_L19N_T3_VREF_34,UNUSED,,34,,,,,,,,,
K8,,IOB18S,IO_L21N_T3_DQS_34,UNUSED,,34,,,,,,,,,
K9,,,VCCO_34,,,34,,,,,1.50,,,,
K10,,IOB18S,IO_L22N_T3_34,UNUSED,,34,,,,,,,,,
K11,,IOB18M,IO_L22P_T3_34,UNUSED,,34,,,,,,,,,
K12,,IOB18S,IO_L24N_T3_34,UNUSED,,34,,,,,,,,,
K13,,IOB18S,IO_L3N_T0_DQS_AD1N_35,UNUSED,,35,,,,,,,,,
K14,,,GND,,,,,,,,,,,,
K15,axi_gpio_pushbutton_GPIO_IO_pin[1],IOB,IO_L5P_T0_AD9P_35,BIDIR,LVCMOS15,35,12,SLOW,,NONE,,LOCATED,NO,NONE,
K16,,IOB18,IO_0_VRN_35,UNUSED,,35,,,,,,,,,
K17,processing_system7_0_MIO[32],IOPAD,PS_MIO32_501,,LVCMOS18*,,,,,,,LOCATED,NO,,
K18,processing_system7_0_MIO[34],IOPAD,PS_MIO34_501,,LVCMOS18*,,,,,,,LOCATED,NO,,
K19,,,VCCO_MIO1_501,,,,,,,,any******,,,,
K20,processing_system7_0_MIO[18],IOPAD,PS_MIO18_501,,HSTL_I_18,,,,,,,LOCATED,NO,,
K21,processing_system7_0_MIO[17],IOPAD,PS_MIO17_501,,HSTL_I_18,,,,,,,LOCATED,NO,,
K22,processing_system7_0_DDR_Addr[7],IOPAD,PS_DDR_A7_502,,SSTL15,,,,,,,LOCATED,NO,,
K23,processing_system7_0_DDR_Addr[12],IOPAD,PS_DDR_A12_502,,SSTL15,,,,,,,LOCATED,NO,,
K24,,,GND,,,,,,,,,,,,
K25,processing_system7_0_DDR_Clk,IOPAD,PS_DDR_CKP_502,,DIFF_SSTL15,,,,,,,LOCATED,NO,,
K26,processing_system7_0_DDR_Addr[1],IOPAD,PS_DDR_A1_502,,SSTL15,,,,,,,LOCATED,NO,,
K27,processing_system7_0_DDR_DQ[25],IOPAD,PS_DDR_DQ25_502,,SSTL15_T_DCI,,,,,,,LOCATED,NO,,
K28,processing_system7_0_DDR_DM[3],IOPAD,PS_DDR_DM3_502,,SSTL15_T_DCI,,,,,,,LOCATED,NO,,
K29,,,VCCO_DDR_502,,,,,,,,any******,,,,
K30,processing_system7_0_DDR_DQ[28],IOPAD,PS_DDR_DQ28_502,,SSTL15_T_DCI,,,,,,,LOCATED,NO,,
L1,,IOB18M,IO_L2P_T0_33,UNUSED,,33,,,,,,,,,
L2,,IOB18S,IO_L4N_T0_33,UNUSED,,33,,,,,,,,,
L3,,IOB18M,IO_L4P_T0_33,UNUSED,,33,,,,,,,,,
L4,,IOB18,IO_25_VRP_33,UNUSED,,33,,,,,,,,,
L5,,IOB18,IO_0_VRN_33,UNUSED,,33,,,,,,,,,
L6,,,VCCO_33,,,33,,,,,1.50,,,,
L7,,IOB18M,IO_L19P_T3_34,UNUSED,,34,,,,,,,,,
L8,,IOB18M,IO_L21P_T3_DQS_34,UNUSED,,34,,,,,,,,,
L9,,IOB18S,IO_L23N_T3_34,UNUSED,,34,,,,,,,,,
L10,,IOB18M,IO_L23P_T3_34,UNUSED,,34,,,,,,,,,
L11,,,GND,,,,,,,,,,,,
L12,,IOB18M,IO_L24P_T3_34,UNUSED,,34,,,,,,,,,
L13,,IOB18M,IO_L3P_T0_DQS_AD1P_35,UNUSED,,35,,,,,,,,,
L14,,IOB18S,IO_L1N_T0_AD0N_35,UNUSED,,35,,,,,,,,,
L15,,IOB18M,IO_L1P_T0_AD0P_35,UNUSED,,35,,,,,,,,,
L16,,,VCCO_35,,,35,,,,,1.50,,,,
L17,processing_system7_0_MIO[28],IOPAD,PS_MIO28_501,,LVCMOS18*,,,,,,,LOCATED,NO,,
L18,processing_system7_0_MIO[30],IOPAD,PS_MIO30_501,,LVCMOS18*,,,,,,,LOCATED,NO,,
L19,processing_system7_0_MIO[16],IOPAD,PS_MIO16_501,,HSTL_I_18,,,,,,,LOCATED,NO,,
L20,processing_system7_0_MIO[22],IOPAD,PS_MIO22_501,,HSTL_I_18,,,,,,,LOCATED,NO,,
L21,,,GND,,,,,,,,,,,,
L22,,,PS_DDR_VREF0_502,,,,,,,,,,,,
L23,processing_system7_0_DDR_ODT,IOPAD,PS_DDR_ODT_502,,SSTL15,,,,,,,LOCATED,NO,,
L24,,,PS_DDR_VREF1_502,,,,,,,,,,,,
L25,processing_system7_0_DDR_Addr[0],IOPAD,PS_DDR_A0_502,,SSTL15,,,,,,,LOCATED,NO,,
L26,,,VCCO_DDR_502,,,,,,,,any******,,,,
L27,processing_system7_0_DDR_Addr[2],IOPAD,PS_DDR_A2_502,,SSTL15,,,,,,,LOCATED,NO,,
L28,processing_system7_0_DDR_DQS[3],IOPAD,PS_DDR_DQS_P3_502,,DIFF_SSTL15_T_DCI,,,,,,,LOCATED,NO,,
L29,processing_system7_0_DDR_DQS_n[3],IOPAD,PS_DDR_DQS_N3_502,,DIFF_SSTL15_T_DCI,,,,,,,LOCATED,NO,,
L30,processing_system7_0_DDR_DQ[30],IOPAD,PS_DDR_DQ30_502,,SSTL15_T_DCI,,,,,,,LOCATED,NO,,
M1,,,GND,,,,,,,,,,,,
M2,,,GND,,,,,,,,,,,,
M3,,,GND,,,,,,,,,,,,
M4,,,GND,,,,,,,,,,,,
M5,,,GND,,,,,,,,,,,,
M6,,,GND,,,,,,,,,,,,
M7,,,GND,,,,,,,,,,,,
M8,,,GND,,,,,,,,,,,,
M9,,,GND,,,,,,,,,,,,
M10,,IOB18,IO_25_VRP_34,UNUSED,,34,,,,,,,,,
M11,,,VCCAUX,,,,,,,,1.8,,,,
M12,,IOB18,IO_0_VRN_34,UNUSED,,34,,,,,,,,,
M13,,,VCCINT,,,,,,,,1.0,,,,
M14,,,GND,,,,,,,,,,,,
M15,,,VCCINT,,,,,,,,1.0,,,,
M16,,IOB18,IO_25_VRP_35,UNUSED,,35,,,,,,,,,
M17,processing_system7_0_MIO[26],IOPAD,PS_MIO26_501,,HSTL_I_18,,,,,,,LOCATED,NO,,
M18,,,GND,,,,,,,,,,,,
M19,processing_system7_0_MIO[24],IOPAD,PS_MIO24_501,,HSTL_I_18,,,,,,,LOCATED,NO,,
M20,processing_system7_0_MIO[20],IOPAD,PS_MIO20_501,,HSTL_I_18,,,,,,,LOCATED,NO,,
M21,processing_system7_0_DDR_VRP,IOPAD,PS_DDR_VRP_502,,SSTL15_T_DCI,,,,,,,LOCATED,NO,,
M22,processing_system7_0_DDR_CKE,IOPAD,PS_DDR_CKE_502,,SSTL15,,,,,,,LOCATED,NO,,
M23,,,VCCO_DDR_502,,,,,,,,any******,,,,
M24,processing_system7_0_DDR_CAS_n,IOPAD,PS_DDR_CAS_B_502,,SSTL15,,,,,,,LOCATED,NO,,
M25,processing_system7_0_DDR_BankAddr[2],IOPAD,PS_DDR_BA2_502,,SSTL15,,,,,,,LOCATED,NO,,
M26,processing_system7_0_DDR_BankAddr[1],IOPAD,PS_DDR_BA1_502,,SSTL15,,,,,,,LOCATED,NO,,
M27,processing_system7_0_DDR_BankAddr[0],IOPAD,PS_DDR_BA0_502,,SSTL15,,,,,,,LOCATED,NO,,
M28,,,GND,,,,,,,,,,,,
M29,processing_system7_0_DDR_DQ[29],IOPAD,PS_DDR_DQ29_502,,SSTL15_T_DCI,,,,,,,LOCATED,NO,,
M30,processing_system7_0_DDR_DQ[31],IOPAD,PS_DDR_DQ31_502,,SSTL15_T_DCI,,,,,,,LOCATED,NO,,
N1,,,GND,,,,,,,,,,,,
N2,,,MGTAVTT,,,,,,,,,,,,
N3,,OPAD,MGTXTXN3_112,UNUSED,,,,,,,,,,,
N4,,OPAD,MGTXTXP3_112,UNUSED,,,,,,,,,,,
N5,,,GND,,,,,,,,,,,,
N6,,,MGTAVCC,,,,,,,,,,,,
N7,,IPAD,MGTREFCLK0N_112,UNUSED,,,,,,,,,,,
N8,,IPAD,MGTREFCLK0P_112,UNUSED,,,,,,,,,,,
N9,,,GND,,,,,,,,,,,,
N10,,,VCCAUX,,,,,,,,1.8,,,,
N11,,,GND,,,,,,,,,,,,
N12,,,VCCINT,,,,,,,,1.0,,,,
N13,,,GND,,,,,,,,,,,,
N14,,,VCCINT,,,,,,,,1.0,,,,
N15,,,GND,,,,,,,,,,,,
N16,,,VCCPINT,,,,,,,,,,,,
N17,,,GND,,,,,,,,,,,,
N18,,,VCCPLL,,,,,,,,,,,,
N19,,,GND,,,,,,,,,,,,
N20,,,VCCPAUX,,,,,,,,,,,,
N21,processing_system7_0_DDR_VRN,IOPAD,PS_DDR_VRN_502,,SSTL15_T_DCI,,,,,,,LOCATED,NO,,
N22,processing_system7_0_DDR_CS_n,IOPAD,PS_DDR_CS_B_502,,SSTL15,,,,,,,LOCATED,NO,,
N23,processing_system7_0_DDR_WEB_pin,IOPAD,PS_DDR_WE_B_502,,SSTL15,,,,,,,LOCATED,NO,,
N24,processing_system7_0_DDR_RAS_n,IOPAD,PS_DDR_RAS_B_502,,SSTL15,,,,,,,LOCATED,NO,,
N25,,,GND,,,,,,,,,,,,
N26,,IOB33M,IO_L15P_T2_DQS_13,UNUSED,,13,,,,,,,,,
N27,,IOB33S,IO_L15N_T2_DQS_13,UNUSED,,13,,,,,,,,,
N28,,IOB33M,IO_L3P_T0_DQS_13,UNUSED,,13,,,,,,,,,
N29,,IOB33M,IO_L4P_T0_13,UNUSED,,13,,,,,,,,,
N30,,,VCCO_13,,,13,,,,,2.50,,,,
P1,,OPAD,MGTXTXN2_112,UNUSED,,,,,,,,,,,
P2,,OPAD,MGTXTXP2_112,UNUSED,,,,,,,,,,,
P3,,,GND,,,,,,,,,,,,
P4,,,MGTAVTT,,,,,,,,,,,,
P5,,IPAD,MGTXRXN3_112,UNUSED,,,,,,,,,,,
P6,,IPAD,MGTXRXP3_112,UNUSED,,,,,,,,,,,
P7,,,GND,,,,,,,,,,,,
P8,,,MGTAVCC,,,,,,,,,,,,
P9,,,VCCBATT_0,,,,,,,,,,,,
P10,,,TDI_0,,,,,,,,,,,,
P11,,,VCCAUX_IO_G0,,,,,,,,1.8,,,,
P12,,,GND,,,,,,,,,,,,
P13,,,VCCINT,,,,,,,,1.0,,,,
P14,,,GNDADC_0,,,,,,,,,,,,
P15,,,VCCADC_0,,,,,,,,,,,,
P16,,,GND,,,,,,,,,,,,
P17,,,VCCPINT,,,,,,,,,,,,
P18,,,GND,,,,,,,,,,,,
P19,,,VCCPAUX,,,,,,,,,,,,
P20,,,GND,,,,,,,,,,,,
P21,,IOB33M,IO_L19P_T3_13,UNUSED,,13,,,,,,,,,
P22,,,GND,,,,,,,,,,,,
P23,,IOB33M,IO_L18P_T2_13,UNUSED,,13,,,,,,,,,
P24,,IOB33S,IO_L18N_T2_13,UNUSED,,13,,,,,,,,,
P25,,IOB33M,IO_L16P_T2_13,UNUSED,,13,,,,,,,,,
P26,,IOB33S,IO_L16N_T2_13,UNUSED,,13,,,,,,,,,
P27,,,VCCO_13,,,13,,,,,2.50,,,,
P28,,IOB33S,IO_L3N_T0_DQS_13,UNUSED,,13,,,,,,,,,
P29,,IOB33S,IO_L4N_T0_13,UNUSED,,13,,,,,,,,,
P30,,IOB33M,IO_L1P_T0_13,UNUSED,,13,,,,,,,,,
R1,,,GND,,,,,,,,,,,,
R2,,,MGTAVTT,,,,,,,,,,,,
R3,,OPAD,MGTXTXN1_112,UNUSED,,,,,,,,,,,
R4,,OPAD,MGTXTXP1_112,UNUSED,,,,,,,,,,,
R5,,,GND,,,,,,,,,,,,
R6,,,MGTAVCC,,,,,,,,,,,,
R7,,IPAD,MGTREFCLK1N_112,UNUSED,,,,,,,,,,,
R8,,IPAD,MGTREFCLK1P_112,UNUSED,,,,,,,,,,,
R9,,,RSVDVCC3,,,,,,,,,,,,
R10,,,VCCAUX,,,,,,,,1.8,,,,
R11,,,GND,,,,,,,,,,,,
R12,,,VCCINT,,,,,,,,1.0,,,,
R13,,,GND,,,,,,,,,,,,
R14,,,VREFN_0,,,,,,,,,,,,
R15,,IPAD,VP_0,UNUSED,,0,,,,,,,,,
R16,,,VCCINT,,,,,,,,1.0,,,,
R17,,,GND,,,,,,,,,,,,
R18,,,VCCPINT,,,,,,,,,,,,
R19,,,GND,,,,,,,,,,,,
R20,,,VCCPAUX,,,,,,,,,,,,
R21,,IOB33S,IO_L19N_T3_VREF_13,UNUSED,,13,,,,,,,,,
R22,,IOB33M,IO_L21P_T3_DQS_13,UNUSED,,13,,,,,,,,,
R23,,IOB33S,IO_L21N_T3_DQS_13,UNUSED,,13,,,,,,,,,
R24,,,VCCO_13,,,13,,,,,2.50,,,,
R25,,IOB33M,IO_L13P_T2_MRCC_13,UNUSED,,13,,,,,,,,,
R26,,IOB33S,IO_L13N_T2_MRCC_13,UNUSED,,13,,,,,,,,,
R27,axi_gpio_pushbutton_GPIO_IO_pin[0],IOB33,IO_L14P_T2_SRCC_13,BIDIR,LVCMOS25,13,12,SLOW,,NONE,,LOCATED,NO,NONE,
R28,,IOB33M,IO_L6P_T0_13,UNUSED,,13,,,,,,,,,
R29,,,GND,,,,,,,,,,,,
R30,,IOB33S,IO_L1N_T0_13,UNUSED,,13,,,,,,,,,
T1,,OPAD,MGTXTXN0_112,UNUSED,,,,,,,,,,,
T2,,OPAD,MGTXTXP0_112,UNUSED,,,,,,,,,,,
T3,,,GND,,,,,,,,,,,,
T4,,,MGTAVTT,,,,,,,,,,,,
T5,,IPAD,MGTXRXN2_112,UNUSED,,,,,,,,,,,
T6,,IPAD,MGTXRXP2_112,UNUSED,,,,,,,,,,,
T7,,,MGTVCCAUX,,,,,,,,,,,,
T8,,,GND,,,,,,,,,,,,
T9,,,RSVDVCC2,,,,,,,,,,,,
T10,,,GND,,,,,,,,,,,,
T11,,,VCCAUX_IO_G0,,,,,,,,1.8,,,,
T12,,,GND,,,,,,,,,,,,
T13,,,VCCINT,,,,,,,,1.0,,,,
T14,,IPAD,VN_0,UNUSED,,0,,,,,,,,,
T15,,,VREFP_0,,,,,,,,,,,,
T16,,,GND,,,,,,,,,,,,
T17,,,VCCPINT,,,,,,,,,,,,
T18,,,GND,,,,,,,,,,,,
T19,,,VCCPINT,,,,,,,,,,,,
T20,,,GND,,,,,,,,,,,,
T21,,,VCCO_13,,,13,,,,,2.50,,,,
T22,,IOB33M,IO_L20P_T3_13,UNUSED,,13,,,,,,,,,
T23,,IOB33S,IO_L20N_T3_13,UNUSED,,13,,,,,,,,,
T24,,IOB33M,IO_L17P_T2_13,UNUSED,,13,,,,,,,,,
T25,,IOB33S,IO_L17N_T2_13,UNUSED,,13,,,,,,,,,
T26,,,GND,,,,,,,,,,,,
T27,,IOB33S,IO_L14N_T2_SRCC_13,UNUSED,,13,,,,,,,,,
T28,,IOB33S,IO_L6N_T0_VREF_13,UNUSED,,13,,,,,,,,,
T29,,IOB33M,IO_L5P_T0_13,UNUSED,,13,,,,,,,,,
T30,,IOB33M,IO_L2P_T0_13,UNUSED,,13,,,,,,,,,
U1,,,GND,,,,,,,,,,,,
U2,,,MGTAVTT,,,,,,,,,,,,
U3,,IPAD,MGTXRXN1_112,UNUSED,,,,,,,,,,,
U4,,IPAD,MGTXRXP1_112,UNUSED,,,,,,,,,,,
U5,,,GND,,,,,,,,,,,,
U6,,,MGTAVCC,,,,,,,,,,,,
U7,,IPAD,MGTREFCLK0N_111,UNUSED,,,,,,,,,,,
U8,,IPAD,MGTREFCLK0P_111,UNUSED,,,,,,,,,,,
U9,,,RSVDVCC1,,,,,,,,,,,,
U10,,,VCCAUX,,,,,,,,1.8,,,,
U11,,,GND,,,,,,,,,,,,
U12,,,VCCINT,,,,,,,,1.0,,,,
U13,,,GND,,,,,,,,,,,,
U14,,,DXN_0,,,,,,,,,,,,
U15,,,DXP_0,,,,,,,,,,,,
U16,,,VCCINT,,,,,,,,1.0,,,,
U17,,,GND,,,,,,,,,,,,
U18,,,VCCPINT,,,,,,,,,,,,
U19,,,GND,,,,,,,,,,,,
U20,,,VCCPAUX,,,,,,,,,,,,
U21,,IOB33,IO_0_13,UNUSED,,13,,,,,,,,,
U22,,IOB33M,IO_L22P_T3_13,UNUSED,,13,,,,,,,,,
U23,,,GND,,,,,,,,,,,,
U24,,IOB33M,IO_L23P_T3_13,UNUSED,,13,,,,,,,,,
U25,,IOB33M,IO_L11P_T1_SRCC_13,UNUSED,,13,,,,,,,,,
U26,,IOB33M,IO_L12P_T1_MRCC_13,UNUSED,,13,,,,,,,,,
U27,,IOB33S,IO_L12N_T1_MRCC_13,UNUSED,,13,,,,,,,,,
U28,,,VCCO_13,,,13,,,,,2.50,,,,
U29,,IOB33S,IO_L5N_T0_13,UNUSED,,13,,,,,,,,,
U30,,IOB33S,IO_L2N_T0_13,UNUSED,,13,,,,,,,,,
V1,,OPAD,MGTXTXN3_111,UNUSED,,,,,,,,,,,
V2,,OPAD,MGTXTXP3_111,UNUSED,,,,,,,,,,,
V3,,,GND,,,,,,,,,,,,
V4,,,MGTAVTT,,,,,,,,,,,,
V5,,IPAD,MGTXRXN0_112,UNUSED,,,,,,,,,,,
V6,,IPAD,MGTXRXP0_112,UNUSED,,,,,,,,,,,
V7,,,MGTVCCAUX,,,,,,,,,,,,
V8,,,GND,,,,,,,,,,,,
V9,,,CFGBVS_0,,,,,,,,,,,,
V10,,,TMS_0,,,,,,,,,,,,
V11,,,VCCAUX_IO_G0,,,,,,,,1.8,,,,
V12,,,GND,,,,,,,,,,,,
V13,,,VCCINT,,,,,,,,1.0,,,,
V14,,,GND,,,,,,,,,,,,
V15,,,VCCINT,,,,,,,,1.0,,,,
V16,,,GND,,,,,,,,,,,,
V17,,,VCCBRAM,,,,,,,,,,,,
V18,,,GND,,,,,,,,,,,,
V19,,,VCCBRAM,,,,,,,,,,,,
V20,,,GND,,,,,,,,,,,,
V21,,IOB33,IO_25_13,UNUSED,,13,,,,,,,,,
V22,,IOB33S,IO_L22N_T3_13,UNUSED,,13,,,,,,,,,
V23,,IOB33M,IO_L24P_T3_13,UNUSED,,13,,,,,,,,,
V24,,IOB33S,IO_L23N_T3_13,UNUSED,,13,,,,,,,,,
V25,,,VCCO_13,,,13,,,,,2.50,,,,
V26,,IOB33S,IO_L11N_T1_SRCC_13,UNUSED,,13,,,,,,,,,
V27,,IOB33M,IO_L9P_T1_DQS_13,UNUSED,,13,,,,,,,,,
V28,,IOB33M,IO_L7P_T1_13,UNUSED,,13,,,,,,,,,
V29,,IOB33S,IO_L7N_T1_13,UNUSED,,13,,,,,,,,,
V30,,,GND,,,,,,,,,,,,
W1,,,GND,,,,,,,,,,,,
W2,,,MGTAVTT,,,,,,,,,,,,
W3,,OPAD,MGTXTXN2_111,UNUSED,,,,,,,,,,,
W4,,OPAD,MGTXTXP2_111,UNUSED,,,,,,,,,,,
W5,,,GND,,,,,,,,,,,,
W6,,,MGTAVCC,,,,,,,,,,,,
W7,,IPAD,MGTREFCLK1N_111,UNUSED,,,,,,,,,,,
W8,,IPAD,MGTREFCLK1P_111,UNUSED,,,,,,,,,,,
W9,,,INIT_B_0,,,,,,,,,,,,
W10,,,VCCAUX,,,,,,,,1.8,,,,
W11,,,GND,,,,,,,,,,,,
W12,,,VCCINT,,,,,,,,1.0,,,,
W13,,,GND,,,,,,,,,,,,
W14,,,VCCINT,,,,,,,,1.0,,,,
W15,,,GND,,,,,,,,,,,,
W16,,,VCCINT,,,,,,,,1.0,,,,
W17,,,GND,,,,,,,,,,,,
W18,,,VCCBRAM,,,,,,,,,,,,
W19,,,GND,,,,,,,,,,,,
W20,,,VCCBRAM,,,,,,,,,,,,
W21,axi_gpio_led_GPIO_IO_pin[1],IOB33,IO_L20P_T3_11,BIDIR,LVCMOS25,11,12,SLOW,,NONE,,LOCATED,NO,NONE,
W22,,,VCCO_11,,,11,,,,,2.50,,,,
W23,,IOB33,IO_0_11,UNUSED,,11,,,,,,,,,
W24,,IOB33S,IO_L24N_T3_13,UNUSED,,13,,,,,,,,,
W25,,IOB33M,IO_L10P_T1_13,UNUSED,,13,,,,,,,,,
W26,,IOB33S,IO_L10N_T1_13,UNUSED,,13,,,,,,,,,
W27,,,GND,,,,,,,,,,,,
W28,,IOB33S,IO_L9N_T1_DQS_13,UNUSED,,13,,,,,,,,,
W29,,IOB33M,IO_L8P_T1_13,UNUSED,,13,,,,,,,,,
W30,,IOB33S,IO_L8N_T1_13,UNUSED,,13,,,,,,,,,
Y1,,OPAD,MGTXTXN1_111,UNUSED,,,,,,,,,,,
Y2,,OPAD,MGTXTXP1_111,UNUSED,,,,,,,,,,,
Y3,,,GND,,,,,,,,,,,,
Y4,,,MGTAVTT,,,,,,,,,,,,
Y5,,IPAD,MGTXRXN2_111,UNUSED,,,,,,,,,,,
Y6,,IPAD,MGTXRXP2_111,UNUSED,,,,,,,,,,,
Y7,,,GND,,,,,,,,,,,,
Y8,,,MGTAVCC,,,,,,,,,,,,
Y9,,,PROGRAM_B_0,,,,,,,,,,,,
Y10,,,TDO_0,,,,,,,,,,,,
Y11,,,VCCAUX,,,,,,,,1.8,,,,
Y12,,,TCK_0,,,,,,,,,,,,
Y13,,,VCCO_0,,,0,,,,,any******,,,,
Y14,,,GND,,,,,,,,,,,,
Y15,,,VCCO_0,,,0,,,,,any******,,,,
Y16,,,GND,,,,,,,,,,,,
Y17,,,VCCINT,,,,,,,,1.0,,,,
Y18,,,GND,,,,,,,,,,,,
Y19,,,VCCO_9,,,9,,,,,any******,,,,
Y20,,IOB33M,IO_L6P_T0_9,UNUSED,,9,,,,,,,,,
Y21,axi_gpio_led_GPIO_IO_pin[3],IOB33,IO_L20N_T3_11,BIDIR,LVCMOS25,11,12,SLOW,,NONE,,LOCATED,NO,NONE,
Y22,,IOB33M,IO_L21P_T3_DQS_11,UNUSED,,11,,,,,,,,,
Y23,,IOB33S,IO_L21N_T3_DQS_11,UNUSED,,11,,,,,,,,,
Y24,,,GND,,,,,,,,,,,,
Y25,,IOB33,IO_0_12,UNUSED,,12,,,,,,,,,
Y26,,IOB33M,IO_L3P_T0_DQS_12,UNUSED,,12,,,,,,,,,
Y27,,IOB33S,IO_L3N_T0_DQS_12,UNUSED,,12,,,,,,,,,
Y28,,IOB33M,IO_L4P_T0_12,UNUSED,,12,,,,,,,,,
Y29,,,VCCO_12,,,12,,,,,any******,,,,
Y30,,IOB33M,IO_L1P_T0_12,UNUSED,,12,,,,,,,,,

# -----,-----,-----,-----,-----,-----,-----,-----,-----,-----,-----,-----,-----,-----,-----,
# 
#* Default value.
#** This default Pullup/Pulldown value can be overridden in Bitgen. 
#All RSVD_0 pins must be tied to GROUND.
#****** Special VCCO requirements may apply. Please consult the device 
#       family datasheet for specific guideline on VCCO requirements. 
#
#
#